t,qw,qx,qy,qz
0.0000000,0.9659409,0.1518760,0.1901744,-0.0878954
0.0200000,0.9650801,0.1600851,0.1988386,-0.0587915
0.0360000,0.9637361,0.1667921,0.2052652,-0.0354865
0.0600000,0.9606498,0.1770255,0.2140412,-0.0005414
0.0800000,0.9571164,0.1856568,0.2205561,0.0285434
0.1000000,0.9527279,0.1943250,0.2263453,0.0575777
0.1240000,0.9463466,0.2047165,0.2323724,0.0923165
0.1440000,0.9400960,0.2133368,0.2367114,0.1211390
0.1600000,0.9344915,0.2201851,0.2397511,0.1440956
0.1800000,0.9267467,0.2286539,0.2430037,0.1726474
0.1960000,0.9199714,0.2353322,0.2451650,0.1953600
0.2160000,0.9107941,0.2435260,0.2473131,0.2235741
0.2320000,0.9028976,0.2499385,0.2485937,0.2459834
0.2520000,0.8923435,0.2577491,0.2496634,0.2737820
0.2760000,0.8786946,0.2667821,0.2501902,0.3068029
0.3000000,0.8639970,0.2753948,0.2499156,0.3394247
0.3160000,0.8536290,0.2808780,0.2493030,0.3609336
0.3360000,0.8400412,0.2874168,0.2480720,0.3875341
0.3600000,0.8228373,0.2947797,0.2459392,0.4189959
0.3760000,0.8108327,0.2993850,0.2441421,0.4396744
0.4000000,0.7920369,0.3058088,0.2409125,0.4702336
0.4200000,0.7756577,0.3107185,0.2377693,0.4952524
0.4480000,0.7515953,0.3169920,0.2328256,0.5295402
0.4720000,0.7298792,0.3217913,0.2281451,0.5582800
0.4920000,0.7110961,0.3253882,0.2239092,0.5816609
0.5080000,0.6956340,0.3279868,0.2203001,0.5999882
0.5240000,0.6797974,0.3303315,0.2164952,0.6179696
0.5480000,0.6553691,0.3333639,0.2104255,0.6442677
0.5680000,0.6344210,0.3354414,0.2050427,0.6655424
0.5840000,0.6173039,0.3368049,0.2005210,0.6821215
0.6000000,0.5999168,0.3379068,0.1957974,0.6982709
0.6160000,0.5822429,0.3387425,0.1908888,0.7140085
0.6320000,0.5642756,0.3393010,0.1858076,0.7293445
0.6480000,0.5460252,0.3395821,0.1805591,0.7442707
0.6680000,0.5228650,0.3395523,0.1737612,0.7623146
0.6920000,0.4945413,0.3389413,0.1652867,0.7830887
0.7120000,0.4705048,0.3379417,0.1579797,0.7996643
0.7320000,0.4461107,0.3364950,0.1504516,0.8155493
0.7520000,0.4213823,0.3346042,0.1427122,0.8307287
0.7720000,0.3963150,0.3322682,0.1347932,0.8452000
0.7920000,0.3709255,0.3294969,0.1267096,0.8589475
0.8120000,0.3452152,0.3263560,0.1184793,0.8719409
0.8360000,0.3139599,0.3221559,0.1084226,0.8865040
0.8560000,0.2876082,0.3182819,0.0998983,0.8977742
0.8800000,0.2556053,0.3131585,0.0895222,0.9102656
0.8960000,0.2340992,0.3094431,0.0825082,0.9179515
0.9120000,0.2124802,0.3054835,0.0754200,0.9251183
0.9320000,0.1853206,0.3001856,0.0664625,0.9333422
0.9480000,0.1634861,0.2956615,0.0592276,0.9393342
0.9720000,0.1306321,0.2883886,0.0482646,0.9473319
0.9960000,0.0977554,0.2805383,0.0371724,0.9541281
1.0160000,0.0703083,0.2735397,0.0278642,0.9588829
1.0360000,0.0428538,0.2661192,0.0185124,0.9628091
1.0520000,0.0209172,0.2598747,0.0110097,0.9653530
1.0720000,0.0064551,-0.2516770,-0.0016238,-0.9677884
1.0920000,0.0337710,-0.2430374,0.0077460,-0.9693979
1.1160000,0.0663267,-0.2320843,0.0189719,-0.9702462
1.1320000,0.0878985,-0.2244398,0.0264208,-0.9701559
1.1520000,0.1147234,-0.2145601,0.0356940,-0.9692928
1.1720000,0.1413750,-0.2043356,0.0449140,-0.9675964
1.1920000,0.1678362,-0.1937593,0.0540508,-0.9650735
1.2120000,0.1940936,-0.1828246,0.0630680,-0.9617304
1.2360000,0.2252478,-0.1692224,0.0736933,-0.9566590
1.2520000,0.2458045,-0.1598651,0.0806281,-0.9526397
1.2720000,0.2712659,-0.1478540,0.0890953,-0.9468981
1.2880000,0.2914308,-0.1379979,0.0956884,-0.9417369
1.3080000,0.3163707,-0.1253851,0.1036793,-0.9345795
1.3360000,0.3507759,-0.1072188,0.1143428,-0.9232476
1.3560000,0.3749620,-0.0939112,0.1215487,-0.9142265
1.3800000,0.4035330,-0.0776164,0.1297056,-0.9023931
1.4040000,0.4315869,-0.0610189,0.1373017,-0.8894705
1.4240000,0.4545636,-0.0469947,0.1431892,-0.8778726
1.4400000,0.4726983,-0.0356935,0.1476389,-0.8680351
1.4600000,0.4949942,-0.0214993,0.1529011,-0.8550671
1.4800000,0.5168464,-0.0072297,0.1578067,-0.8413766
1.5000000,0.5382104,0.0071164,0.1623317,-0.8269990
1.5160000,0.5549661,0.0186302,0.1656613,-0.8149981
1.5400000,0.5795119,0.0359410,0.1701502,-0.7961929
1.5600000,0.5994094,0.0503760,0.1734157,-0.7798061
1.5760000,0.6149417,0.0619100,0.1757093,-0.7662507
1.5960000,0.6338911,0.0762864,0.1781664,-0.7487450
1.6120000,0.6486410,0.0877393,0.1797991,-0.7343289
1.6280000,0.6630504,0.0991301,0.1811357,-0.7195327
1.6520000,0.6840185,0.1160704,0.1825820,-0.6966420
1.6680000,0.6975610,0.1272466,0.1831677,-0.6809306
1.6840000,0.7107507,0.1383130,0.1834472,-0.6648684
1.7080000,0.7298629,0.1546754,0.1832838,-0.6401427
1.7280000,0.7451596,0.1680673,0.1826099,-0.6189864
1.7480000,0.7598419,0.1812232,0.1814400,-0.5973926
1.7720000,0.7767009,0.1966317,0.1794502,-0.5708497
1.7880000,0.7874730,0.2066580,0.1778402,-0.5527673
1.8080000,0.8003935,0.2188997,0.1755063,-0.5297647
1.8280000,0.8127071,0.2307972,0.1728085,-0.5063369
1.8440000,0.8221208,0.2400509,0.1703859,-0.4873004
1.8640000,0.8332716,0.2512927,0.1669926,-0.4632752
1.8840000,0.8437727,0.2621375,0.1632138,-0.4389680
1.9000000,0.8517372,0.2705006,0.1599384,-0.4192766
1.9200000,0.8611428,0.2805469,0.1555423,-0.3943768
1.9400000,0.8699356,0.2901224,0.1508360,-0.3691741
1.9560000,0.8765310,0.2974271,0.1468678,-0.3487984
1.9720000,0.8827368,0.3044046,0.1427330,-0.3282390
1.9920000,0.8899157,0.3126753,0.1373120,-0.3023732
2.0120000,0.8964994,0.3204100,0.1316976,-0.2761921
2.0280000,0.9013177,0.3262067,0.1270729,-0.2550845
2.0520000,0.9077916,0.3342415,0.1199488,-0.2231799
2.0680000,0.9116024,0.3391549,0.1151034,-0.2017578
2.0880000,0.9157937,0.3447950,0.1089709,-0.1748244
2.1120000,0.9199579,0.3508593,0.1015424,-0.1423531
2.1320000,0.9226861,0.3553674,0.0953678,-0.1151923
2.1480000,0.9243850,0.3586189,0.0904504,-0.0934005
2.1720000,0.9261277,0.3629093,0.0831008,-0.0606522
2.1960000,0.9269050,0.3665046,0.0757957,-0.0278660
2.2120000,0.9268880,0.3685200,0.0709631,-0.0059950
2.2320000,0.9262699,0.3706137,0.0649345,0.0212858
2.2480000,0.9253023,0.3719491,0.0601282,0.0430603
2.2640000,0.9239146,0.3729868,0.0553523,0.0647987
2.2800000,0.9221095,0.3737308,0.0506025,0.0864795
2.3040000,0.9186215,0.3743060,0.0435465,0.1188836
2.3280000,0.9141979,0.3742512,0.0365992,0.1511249
2.3440000,0.9107304,0.3738734,0.0320387,0.1725173
2.3640000,0.9058226,0.3730231,0.0264016,0.1991031
2.3800000,0.9014372,0.3720485,0.0219599,0.2202466
2.4000000,0.8953768,0.3704866,0.0165052,0.2465111
2.4240000,0.8872186,0.3682078,0.0101467,0.2777825
2.4480000,0.8781119,0.3654952,0.0039705,0.3087345
2.4640000,0.8715244,0.3634429,-0.0000566,0.3291723
2.4800000,0.8645366,0.3611940,-0.0040244,0.3494270
2.5000000,0.8552661,0.3581040,-0.0089241,0.3744353
2.5200000,0.8453823,0.3547138,-0.0137319,0.3991470
2.5400000,0.8348986,0.3510218,-0.0184546,0.4235416
2.5640000,0.8215319,0.3462006,-0.0240069,0.4523871
2.5800000,0.8121530,0.3427519,-0.0276392,0.4713436
2.5960000,0.8024073,0.3391158,-0.0312197,0.4900696
2.6160000,0.7897599,0.3342948,-0.0356606,0.5130835
2.6360000,0.7765563,0.3291874,-0.0400209,0.5357185
2.6520000,0.7656039,0.3248966,-0.0434513,0.5535385
2.6680000,0.7543127,0.3204269,-0.0468297,0.5710919
2.6880000,0.7397162,0.3145982,-0.0509740,0.5926631
2.7040000,0.7276293,0.3097538,-0.0542147,0.6096466
2.7240000,0.7120620,0.3034651,-0.0581845,0.6304690
2.7400000,0.6992655,0.2982661,-0.0613171,0.6467653
2.7680000,0.6760817,0.2889028,-0.0666980,0.6745369
2.7880000,0.6589404,0.2819801,-0.0704670,0.6937717
2.8080000,0.6413431,0.2748418,-0.0741737,0.7124881
2.8240000,0.6269495,0.2689676,-0.0770912,0.7270816
2.8440000,0.6086188,0.2614087,-0.0806768,0.7448087
2.8640000,0.5899286,0.2535935,-0.0841890,0.7619624
2.8840000,0.5708785,0.2455209,-0.0876150,0.7785505
2.9080000,0.5475318,0.2355003,-0.0915920,0.7977214
2.9280000,0.5276780,0.2268793,-0.0947873,0.8130788
2.9480000,0.5074834,0.2180128,-0.0978645,0.8278608
2.9640000,0.4910875,0.2107477,-0.1002360,0.8392683
2.9920000,0.4619792,0.1976545,-0.1041957,0.8582839
3.0160000,0.4365833,0.1860707,-0.1073746,0.8736380
3.0360000,0.4150960,0.1762089,-0.1098816,0.8857605
3.0560000,0.3933039,0.1662217,-0.1123017,0.8972573
3.0760000,0.3712216,0.1561149,-0.1146293,0.9081205
3.0960000,0.3488626,0.1458842,-0.1168564,0.9183449
3.1120000,0.3308334,0.1375955,-0.1185632,0.9260451
3.1280000,0.3126779,0.1292227,-0.1201948,0.9333206
3.1480000,0.2897829,0.1186459,-0.1221182,0.9418260
3.1640000,0.2713170,0.1100991,-0.1235556,0.9481557
3.1840000,0.2480592,0.0993153,-0.1252220,0.9554698
3.2040000,0.2246150,0.0884315,-0.1267405,0.9621148
3.2240000,0.2009984,0.0774584,-0.1281080,0.9680848
3.2440000,0.1772260,0.0664040,-0.1293205,0.9733744
3.2640000,0.1533536,0.0552802,-0.1303637,0.9779735
3.2840000,0.1293561,0.0440984,-0.1312386,0.9818853
3.3000000,0.1100814,0.0351159,-0.1318104,0.9845176
3.3160000,0.0907487,0.0261039,-0.1322656,0.9867062
3.3360000,0.0665010,0.0148027,-0.1326686,0.9888162
3.3560000,0.0421916,0.0034661,-0.1328800,0.9902276
3.3760000,0.0178374,-0.0078965,-0.1328966,0.9909379
3.3920000,0.0016561,0.0169971,0.1327660,-0.9910003
3.4120000,0.0259924,0.0283725,0.1324460,-0.9904431
3.4320000,0.0503347,0.0397350,0.1320165,-0.9891710
3.4560000,0.0795226,0.0533555,0.1313319,-0.9867022
3.4800000,0.1086780,0.0669613,0.1304262,-0.9832061
3.5000000,0.1328795,0.0782836,0.1294638,-0.9795171
3.5200000,0.1570048,0.0895879,0.1283171,-0.9751196
3.5360000,0.1762357,0.0986148,0.1272596,-0.9710927
3.5560000,0.2001735,0.1098676,0.1257573,-0.9654247
3.5760000,0.2239800,0.1210811,0.1240535,-0.9590532
3.5960000,0.2476400,0.1322501,0.1221478,-0.9519791
3.6160000,0.2711227,0.1433700,0.1200376,-0.9442079
3.6320000,0.2898003,0.1522198,0.1182082,-0.9374816
3.6480000,0.3083496,0.1610255,0.1162443,-0.9303110
3.6640000,0.3267612,0.1697805,0.1141426,-0.9226989
3.6840000,0.3495698,0.1806430,0.1113117,-0.9125671
3.7080000,0.3766469,0.1935375,0.1076106,-0.8995001
3.7280000,0.3989307,0.2041506,0.1042641,-0.8878659
3.7480000,0.4209248,0.2146408,0.1007014,-0.8755632
3.7720000,0.4469352,0.2270640,0.0962171,-0.8599030
3.7880000,0.4640239,0.2352309,0.0930824,-0.8489311
3.8080000,0.4850790,0.2452856,0.0889747,-0.8346357
3.8320000,0.5098835,0.2570891,0.0837385,-0.8166467
3.8520000,0.5301576,0.2666778,0.0790985,-0.8009740
3.8720000,0.5500315,0.2760120,0.0741938,-0.7847152
3.8880000,0.5656544,0.2832811,0.0700879,-0.7712811
3.9080000,0.5848286,0.2920986,0.0647316,-0.7539653
3.9320000,0.6073127,0.3022524,0.0579838,-0.7324293
3.9480000,0.6219723,0.3087429,0.0532984,-0.7176263
3.9640000,0.6363631,0.3149996,0.0484740,-0.7024724
3.9880000,0.6574152,0.3239296,0.0409725,-0.6791142
4.0040000,0.6710935,0.3295634,0.0358121,-0.6631282
4.0240000,0.6877866,0.3362305,0.0292062,-0.6426863
4.0440000,0.7040214,0.3424671,0.0224467,-0.6217446
4.0640000,0.7197896,0.3482610,0.0155548,-0.6003127
4.0800000,0.7320540,0.3525819,0.0099738,-0.5828237
4.1000000,0.7469200,0.3576343,0.0029662,-0.5605349
4.1200000,0.7612354,0.3622741,-0.0040904,-0.5378303
4.1360000,0.7723016,0.3656833,-0.0097559,-0.5193561
4.1560000,0.7856514,0.3695486,-0.0168537,-0.4958846
4.1760000,0.7984558,0.3729634,-0.0239558,-0.4720093
4.1960000,0.8107061,0.3759217,-0.0310438,-0.4477441
4.2240000,0.8269060,0.3792951,-0.0409096,-0.4131441
4.2440000,0.8377796,0.3811573,-0.0479004,-0.3880078
4.2600000,0.8460515,0.3823210,-0.0534470,-0.3676561
4.2760000,0.8539383,0.3831919,-0.0589480,-0.3471002
4.2960000,0.8632457,0.3838654,-0.0657547,-0.3211393
4.3200000,0.8735915,0.3840692,-0.0738030,-0.2896237
4.3400000,0.8815150,0.3837406,-0.0803959,-0.2630798
4.3640000,0.8901686,0.3827384,-0.0881730,-0.2309474
4.3800000,0.8954039,0.3817314,-0.0932662,-0.2093665
4.4000000,0.9013211,0.3801480,-0.0995195,-0.1822187
4.4160000,0.9055536,0.3786067,-0.1044351,-0.1603836
4.4320000,0.9093417,0.3768123,-0.1092711,-0.1384560
4.4520000,0.9134508,0.3742062,-0.1151996,-0.1109343
4.4800000,0.9180341,0.3698625,-0.1232817,-0.0722266
4.5000000,0.9204689,0.3662500,-0.1289138,-0.0444878
4.5240000,0.9224689,0.3613482,-0.1354784,-0.0111426
4.5440000,0.9233682,0.3567862,-0.1407722,0.0166709
4.5640000,0.9235703,0.3517890,-0.1458902,0.0444802
4.5840000,0.9230755,0.3463615,-0.1508129,0.0722546
4.6040000,0.9218863,0.3405056,-0.1555252,0.0999675
4.6200000,0.9204339,0.3355189,-0.1591286,0.1220924
4.6440000,0.9174257,0.3275398,-0.1642397,0.1551551
4.6600000,0.9148687,0.3218953,-0.1674386,0.1770959
4.6760000,0.9118704,0.3160010,-0.1704622,0.1989430
4.7000000,0.9065434,0.3067092,-0.1746580,0.2315235
4.7200000,0.9013483,0.2985683,-0.1778312,0.2584654
4.7400000,0.8954642,0.2900831,-0.1807024,0.2852058
4.7600000,0.8888799,0.2812959,-0.1832955,0.3117177
4.7800000,0.8815813,0.2722538,-0.1856372,0.3379810
4.8000000,0.8735813,0.2629507,-0.1877176,0.3639707
4.8200000,0.8648885,0.2533813,-0.1895242,0.3896747
4.8400000,0.8555145,0.2435400,-0.1910463,0.4150717
4.8560000,0.8475470,0.2354631,-0.1920552,0.4351275
4.8800000,0.8348558,0.2229975,-0.1932118,0.4647118
4.9000000,0.8235713,0.2123270,-0.1938352,0.4889534
4.9160000,0.8140896,0.2036131,-0.1941105,0.5080560
4.9320000,0.8042109,0.1947483,-0.1941856,0.5268869
4.9560000,0.7886545,0.1811936,-0.1939219,0.5546055
4.9760000,0.7750359,0.1696790,-0.1933642,0.5771817
4.9960000,0.7608240,0.1579836,-0.1924982,0.5992766
5.0120000,0.7490271,0.1485142,-0.1915823,0.6166021
5.0360000,0.7306280,0.1341422,-0.1898404,0.6419885
5.0560000,0.7146558,0.1220366,-0.1880582,0.6625770
5.0720000,0.7014697,0.1122795,-0.1864176,0.6786620
5.0920000,0.6844775,0.1000132,-0.1841252,0.6982735
5.1120000,0.6669074,0.0876993,-0.1816289,0.7173244
5.1280000,0.6524511,0.0778130,-0.1794782,0.7321477
5.1480000,0.6339055,0.0654094,-0.1765833,0.7501358
5.1720000,0.6109816,0.0504658,-0.1727914,0.7709071
5.1920000,0.5913540,0.0379684,-0.1693631,0.7875119
5.2080000,0.5753183,0.0279490,-0.1664396,0.8003284
5.2320000,0.5507229,0.0129087,-0.1617488,0.8187643
5.2480000,0.5339763,0.0028868,-0.1584199,0.8305204
5.2680000,0.5126677,-0.0096295,-0.1540338,0.8446021
5.2880000,0.4909647,-0.0221227,-0.1493927,0.8579895
5.3040000,0.4733303,-0.0320929,-0.1455003,0.8681924
5.3200000,0.4554710,-0.0420378,-0.1414530,0.8779351
5.3480000,0.4236952,-0.0593624,-0.1339991,0.8938695
5.3680000,0.4006608,-0.0716680,-0.1283681,0.9043541
5.3880000,0.3773318,-0.0838937,-0.1225035,0.9140982
5.4080000,0.3537284,-0.0960264,-0.1164102,0.9230947
5.4280000,0.3298577,-0.1080588,-0.1101260,0.9313375
5.4480000,0.3057292,-0.1199939,-0.1037206,0.9388148
5.4720000,0.2764627,-0.1341685,-0.0958551,0.9467729
5.4920000,0.2518725,-0.1458477,-0.0891197,0.9525473
5.5160000,0.2221310,-0.1596733,-0.0808075,0.9584531
5.5360000,0.1971574,-0.1710082,-0.0736843,0.9625257
5.5560000,0.1720339,-0.1821488,-0.0663818,0.9658259
5.5880000,0.1315863,-0.1995111,-0.0543173,0.9694999
5.6040000,0.1113015,-0.2079461,-0.0481012,0.9705960
5.6280000,0.0807980,-0.2202602,-0.0385648,0.9713238
5.6480000,0.0553151,-0.2301914,-0.0304347,0.9710952
5.6680000,0.0297850,-0.2397993,-0.0221475,0.9701127
5.6840000,0.0093354,-0.2472405,-0.0154155,0.9687865
5.7000000,0.0111223,0.2544560,0.0085993,-0.9669822
5.7200000,0.0366937,0.2631475,-0.0000232,-0.9640576
5.7400000,0.0622407,0.2714593,-0.0087546,-0.9603954
5.7680000,0.0979387,0.2824741,-0.0210905,-0.9540291
5.7920000,0.1284303,0.2913918,-0.0316806,-0.9474137
5.8120000,0.1537423,0.2984310,-0.0405237,-0.9410952
5.8360000,0.1839716,0.3063748,-0.0511591,-0.9325619
5.8560000,0.2090156,0.3125501,-0.0600453,-0.9246726
5.8760000,0.2339176,0.3183036,-0.0689437,-0.9160852
5.8960000,0.2586612,0.3236210,-0.0778466,-0.9068097
5.9120000,0.2783177,0.3275503,-0.0849716,-0.8989048
5.9320000,0.3027008,0.3320527,-0.0938673,-0.8884268
5.9480000,0.3220429,0.3353236,-0.1009675,-0.8795749
5.9680000,0.3460019,0.3389899,-0.1098152,-0.8679339
5.9840000,0.3649795,0.3415761,-0.1168735,-0.8581703
6.0040000,0.3884570,0.3443724,-0.1256482,-0.8454120
6.0280000,0.4162636,0.3470931,-0.1360715,-0.8292982
6.0480000,0.4391100,0.3488340,-0.1446493,-0.8152140
6.0640000,0.4571545,0.3499200,-0.1514183,-0.8035162
6.0840000,0.4793995,0.3509291,-0.1597434,-0.7883571
6.1080000,0.5056189,0.3516050,-0.1695278,-0.7694048
6.1240000,0.5228042,0.3517194,-0.1759177,-0.7563215
6.1440000,0.5439445,0.3514729,-0.1837447,-0.7394790
6.1640000,0.5646915,0.3507812,-0.1913840,-0.7221137
6.1880000,0.5890538,0.3493534,-0.2002870,-0.7006090
6.2080000,0.6088934,0.3476728,-0.2074664,-0.6821511
6.2280000,0.6282962,0.3455498,-0.2144145,-0.6632237
6.2440000,0.6434903,0.3435204,-0.2197997,-0.6477670
6.2680000,0.6657369,0.3399467,-0.2275628,-0.6240560
6.2880000,0.6837616,0.3365002,-0.2337272,-0.6038289
6.3040000,0.6978331,0.3334489,-0.2384513,-0.5873514
6.3280000,0.7183427,0.3283998,-0.2451769,-0.5621615
6.3480000,0.7348748,0.3237881,-0.2504383,-0.5407410
6.3720000,0.7540101,0.3178817,-0.2563651,-0.5144871
6.3880000,0.7663167,0.3137224,-0.2600803,-0.4966842
6.4080000,0.7811915,0.3082601,-0.2644512,-0.4741109
6.4280000,0.7954960,0.3024946,-0.2685103,-0.4512044
6.4520000,0.8119015,0.2951658,-0.2729484,-0.4233111
6.4720000,0.8249322,0.2887171,-0.2762707,-0.3997547
6.4960000,0.8397883,0.2805695,-0.2797888,-0.3711531
6.5120000,0.8492164,0.2748924,-0.2818410,-0.3518969
6.5360000,0.8626367,0.2660197,-0.2844635,-0.3227567
6.5520000,0.8710962,0.2598796,-0.2859035,-0.3031717
6.5720000,0.8811153,0.2519656,-0.2873533,-0.2785271
6.5920000,0.8905107,0.2437988,-0.2884077,-0.2537198
6.6120000,0.8992753,0.2353967,-0.2890651,-0.2287656
6.6320000,0.9074052,0.2267692,-0.2893166,-0.2036848
6.6560000,0.9163161,0.2161514,-0.2890795,-0.1734257
6.6760000,0.9230275,0.2071044,-0.2884379,-0.1480929
6.6960000,0.9290798,0.1978911,-0.2874002,-0.1226822
6.7200000,0.9354648,0.1866382,-0.2856361,-0.0921078
6.7440000,0.9408581,0.1752324,-0.2833776,-0.0614562
6.7640000,0.9445786,0.1656396,-0.2811552,-0.0358688
6.7880000,0.9481194,0.1540209,-0.2780660,-0.0051470
6.8120000,0.9506541,0.1423006,-0.2745037,0.0255955
6.8320000,0.9519971,0.1324527,-0.2711804,0.0511768
6.8520000,0.9526405,0.1225404,-0.2675375,0.0767044
6.8680000,0.9526550,0.1145641,-0.2643905,0.0970628
6.8920000,0.9518446,0.1025406,-0.2592810,0.1274777
6.9120000,0.9504081,0.0924848,-0.2546659,0.1526965
6.9280000,0.9487614,0.0844246,-0.2507443,0.1727762
6.9480000,0.9460814,0.0743374,-0.2455632,0.1977442
6.9640000,0.9434403,0.0662675,-0.2411991,0.2176049
6.9880000,0.9386473,0.0541814,-0.2343130,0.2471904
7.0080000,0.9338729,0.0441408,-0.2283371,0.2716527
7.0320000,0.9272179,0.0321342,-0.2208773,0.3007449
7.0520000,0.9209110,0.0221689,-0.2144118,0.3247445
7.0680000,0.9153736,0.0142271,-0.2090710,0.3437704
7.0920000,0.9062419,0.0023848,-0.2007732,0.3720351
7.1120000,0.8978912,-0.0074145,-0.1936088,0.3952874
7.1360000,0.8869934,-0.0190806,-0.1847172,0.4227981
7.1520000,0.8792077,-0.0267982,-0.1786084,0.4408795
7.1720000,0.8688966,-0.0363656,-0.1707690,0.4631784
7.1920000,0.8579519,-0.0458349,-0.1626999,0.4851252
7.2080000,0.8487490,-0.0533327,-0.1560745,0.5024157
7.2280000,0.8366929,-0.0626005,-0.1475814,0.5236850
7.2520000,0.8214189,-0.0735506,-0.1370860,0.5486973
7.2680000,0.8107599,-0.0807350,-0.1299095,0.5650431
7.2840000,0.7997209,-0.0878173,-0.1225937,0.5811242
7.3040000,0.7853954,-0.0965130,-0.1132575,0.6008427
7.3200000,0.7735228,-0.1033367,-0.1056422,0.6162985
7.3400000,0.7581748,-0.1116936,-0.0959538,0.6352074
7.3560000,0.7454783,-0.1182362,-0.0880920,0.6500170
7.3760000,0.7291020,-0.1262607,-0.0781779,0.6680993
7.4000000,0.7087226,-0.1356741,-0.0661709,0.6891489
7.4200000,0.6911467,-0.1433262,-0.0560670,0.7061376
7.4360000,0.6767087,-0.1493096,-0.0479128,0.7193583
7.4560000,0.6582119,-0.1566045,-0.0376261,0.7354022
7.4720000,0.6430629,-0.1622872,-0.0293238,0.7478456
7.4960000,0.6197927,-0.1705346,-0.0167501,0.7658292
7.5120000,0.6039158,-0.1758442,-0.0082937,0.7773646
7.5320000,0.5836696,-0.1822597,0.0023457,0.7912684
7.5560000,0.5588007,-0.1896239,0.0151992,0.8071887
7.5720000,0.5418921,-0.1943265,0.0238143,0.8173267
7.5960000,0.5160432,-0.2010593,0.0367867,0.8318181
7.6120000,0.4984943,-0.2053280,0.0454560,0.8409980
7.6320000,0.4762184,-0.2104151,0.0563059,0.8519220
7.6480000,0.4581441,-0.2142837,0.0649899,0.8602109
7.6720000,0.4306075,-0.2197455,0.0780008,0.8718973
7.6920000,0.4072871,-0.2239925,0.0888059,0.8809416
7.7120000,0.3836291,-0.2280211,0.0995341,0.8893414
7.7280000,0.3644785,-0.2310899,0.1080539,0.8955876
7.7440000,0.3451550,-0.2340031,0.1165222,0.9014062
7.7640000,0.3207486,-0.2374177,0.1270359,0.9080832
7.7880000,0.2911156,-0.2411649,0.1395417,0.9152155
7.8040000,0.2711674,-0.2434380,0.1478066,0.9194343
7.8200000,0.2510757,-0.2455226,0.1560059,0.9232236
7.8400000,0.2257712,-0.2478569,0.1661526,0.9273552
7.8600000,0.2002870,-0.2498712,0.1761770,0.9308121
7.8800000,0.1746506,-0.2515546,0.1860684,0.9335931
7.9000000,0.1488579,-0.2529136,0.1958081,0.9357004
7.9200000,0.1229175,-0.2539475,0.2053785,0.9371348
7.9360000,0.1020720,-0.2545449,0.2129018,0.9377958
7.9520000,0.0811576,-0.2549436,0.2202979,0.9380224
7.9760000,0.0496780,-0.2551746,0.2311384,0.9375463
8.0040000,0.0128357,-0.2549417,0.2433794,0.9357385
8.0240000,0.0135374,0.2545128,-0.2518487,-0.9336017
8.0480000,0.0452068,0.2536803,-0.2617032,-0.9301151
8.0640000,0.0663093,0.2529148,-0.2680831,-0.9272371
8.0840000,0.0926630,0.2517027,-0.2758362,-0.9230242
8.1080000,0.1242237,0.2498536,-0.2848004,-0.9170771
8.1240000,0.1452065,0.2483699,-0.2905601,-0.9125800
8.1480000,0.1765798,0.2457646,-0.2988618,-0.9050420
8.1720000,0.2078055,0.2426990,-0.3067423,-0.8965619
8.1920000,0.2336888,0.2397946,-0.3129728,-0.8887835
8.2160000,0.2645685,0.2359048,-0.3200284,-0.8785979
8.2320000,0.2850214,0.2330672,-0.3244716,-0.8712983
8.2480000,0.3053544,0.2300388,-0.3287022,-0.8635946
8.2680000,0.3305895,0.2259874,-0.3336843,-0.8534020
8.2880000,0.3556120,0.2216476,-0.3383150,-0.8425885
8.3040000,0.3754591,0.2179731,-0.3417629,-0.8334965
8.3240000,0.4000354,0.2131431,-0.3457481,-0.8215838
8.3440000,0.4243319,0.2081154,-0.3494078,-0.8090393
8.3680000,0.4530663,0.2018257,-0.3533660,-0.7931771
8.3840000,0.4719604,0.1974639,-0.3557322,-0.7821227
8.4040000,0.4952704,0.1918131,-0.3583704,-0.7677797
8.4240000,0.5182303,0.1859405,-0.3606432,-0.7528612
8.4400000,0.5363295,0.1810797,-0.3621918,-0.7405255
8.4600000,0.5586035,0.1748052,-0.3637825,-0.7246154
8.4840000,0.5847998,0.1669880,-0.3651750,-0.7048201
8.5080000,0.6103905,0.1588706,-0.3659915,-0.6842761
8.5240000,0.6270967,0.1532955,-0.3662082,-0.6701804
8.5400000,0.6435095,0.1475944,-0.3661570,-0.6557748
8.5600000,0.6636020,0.1402929,-0.3657057,-0.6373458
8.5800000,0.6832097,0.1328034,-0.3648154,-0.6184638
8.6080000,0.7098198,0.1220248,-0.3628170,-0.5912948
8.6280000,0.7282112,0.1141403,-0.3608457,-0.5713763
8.6520000,0.7495717,0.1044989,-0.3578682,-0.5469484
8.6720000,0.7667550,0.0963472,-0.3549116,-0.5261575
8.6880000,0.7800805,0.0897670,-0.3522725,-0.5092351
8.7080000,0.7962024,0.0814694,-0.3486165,-0.4877408
8.7240000,0.8086635,0.0747774,-0.3453972,-0.4702897
8.7400000,0.8207334,0.0680469,-0.3419085,-0.4526201
8.7560000,0.8324010,0.0612773,-0.3381445,-0.4347550
8.7760000,0.8464138,0.0527725,-0.3330473,-0.4121628
8.8000000,0.8623850,0.0425299,-0.3263478,-0.3846822
8.8200000,0.8749799,0.0339852,-0.3202753,-0.3614954
8.8400000,0.8869168,0.0254519,-0.3137589,-0.3380623
8.8600000,0.8981835,0.0169505,-0.3068065,-0.3144023
8.8760000,0.9067068,0.0101868,-0.3009374,-0.2953231
8.8960000,0.9167411,0.0017903,-0.2932217,-0.2712999
8.9160000,0.9260748,-0.0065284,-0.2850911,-0.2471151
8.9320000,0.9330370,-0.0131112,-0.2782908,-0.2276494
8.9520000,0.9411006,-0.0212355,-0.2694368,-0.2031810
8.9720000,0.9484346,-0.0292425,-0.2602609,-0.1785522
8.9960000,0.9562515,-0.0386813,-0.2488726,-0.1488261
9.0160000,0.9619474,-0.0463997,-0.2390535,-0.1239257
9.0360000,0.9668986,-0.0539657,-0.2289336,-0.0989155
9.0560000,0.9711012,-0.0613651,-0.2185160,-0.0738072
9.0760000,0.9745466,-0.0685941,-0.2078156,-0.0486462
9.1000000,0.9776778,-0.0770280,-0.1946121,-0.0184107
9.1200000,0.9794465,-0.0838367,-0.1833292,0.0068104
9.1440000,0.9805579,-0.0917329,-0.1694642,0.0370561
9.1640000,0.9806398,-0.0980725,-0.1576575,0.0622211
9.1880000,0.9797223,-0.1053701,-0.1432052,0.0923780
9.2040000,0.9784951,-0.1100458,-0.1334124,0.1124203
9.2200000,0.9767762,-0.1145663,-0.1235031,0.1324005
9.2360000,0.9745656,-0.1189259,-0.1134877,0.1523125
9.2520000,0.9718640,-0.1231235,-0.1033715,0.1721491
9.2680000,0.9686735,-0.1271561,-0.0931646,0.1918942
9.2840000,0.9649954,-0.1310198,-0.0828774,0.2115397
9.3040000,0.9597057,-0.1356413,-0.0699439,0.2359538
9.3240000,0.9536392,-0.1400622,-0.0569701,0.2602100
9.3440000,0.9468099,-0.1442701,-0.0439493,0.2842634
9.3680000,0.9376147,-0.1490271,-0.0282623,0.3128433
9.3840000,0.9308881,-0.1520049,-0.0177695,0.3317017
9.4080000,0.9199188,-0.1561571,-0.0019829,0.3596670
9.4280000,0.9099826,-0.1593119,0.0112032,0.3826563
9.4480000,0.8993335,-0.1621765,0.0243985,0.4053429
9.4720000,0.8856278,-0.1652126,0.0402268,0.4321458
9.4880000,0.8759366,-0.1669872,0.0507634,0.4497482
9.5040000,0.8658091,-0.1685576,0.0612763,0.4671275
9.5200000,0.8552504,-0.1699220,0.0717550,0.4842773
9.5400000,0.8414520,-0.1713344,0.0847880,0.5053851
9.5560000,0.8299427,-0.1722255,0.0951508,0.5219960
9.5800000,0.8119075,-0.1731605,0.1105663,0.5464401
9.6000000,0.7961812,-0.1735698,0.1232674,0.5663693
9.6200000,0.7798513,-0.1736385,0.1358115,0.5858642
9.6400000,0.7629090,-0.1734302,0.1481749,0.6049265
9.6560000,0.7489170,-0.1731088,0.1579206,0.6198530
9.6840000,0.7235214,-0.1722097,0.1746558,0.6452565
9.7040000,0.7046914,-0.1712970,0.1863556,0.6628264
9.7240000,0.6853059,-0.1701515,0.1978353,0.6799010
9.7400000,0.6693897,-0.1690775,0.2068547,0.6932109
9.7600000,0.6490174,-0.1675338,0.2179159,0.7093811
9.7760000,0.6323510,-0.1661333,0.2265893,0.7219344
9.7960000,0.6110730,-0.1641697,0.2372044,0.7371379
9.8120000,0.5937122,-0.1624274,0.2455071,0.7488988
9.8320000,0.5715974,-0.1600364,0.2556380,0.7630950
9.8480000,0.5535856,-0.1579586,0.2635375,0.7740414
9.8680000,0.5307053,-0.1551428,0.2731409,0.7871954
9.8840000,0.5121030,-0.1527267,0.2806017,0.7973003
9.9000000,0.4932484,-0.1501694,0.2878601,0.8070265
9.9240000,0.4645121,-0.1460881,0.2983583,0.8208953
9.9480000,0.4352542,-0.1418233,0.3084165,0.8338581
9.9720000,0.4055129,-0.1374110,0.3180464,0.8458865
9.9920000,0.3803857,-0.1336049,0.3257368,0.8551912
10.0080000,0.3600684,-0.1304716,0.3316678,0.8621626
10.0240000,0.3395698,-0.1272538,0.3373992,0.8687120
10.0400000,0.3188956,-0.1239500,0.3429278,0.8748386
10.0560000,0.2980621,-0.1205571,0.3482498,0.8805379
10.0720000,0.2770805,-0.1170737,0.3533600,0.8858086
10.0920000,0.2506618,-0.1125932,0.3594462,0.8917903
10.1120000,0.2240467,-0.1079687,0.3651938,0.8970949
10.1280000,0.2026250,-0.1041638,0.3695402,0.9008513
10.1440000,0.1811064,-0.1002616,0.3736526,0.9041747
10.1640000,0.1540993,-0.0952432,0.3784563,0.9077185
10.1880000,0.1215635,-0.0890187,0.3837144,0.9110770
10.2040000,0.0998031,-0.0847539,0.3869035,0.9127770
10.2200000,0.0779998,-0.0803983,0.3898329,0.9140473
10.2400000,0.0507226,-0.0748251,0.3931078,0.9150381
10.2560000,0.0288746,-0.0702715,0.3954205,0.9153528
10.2720000,0.0070167,-0.0656586,0.3974853,0.9152296
10.2920000,0.0203048,0.0598296,-0.3997400,-0.9144485
10.3080000,0.0421617,0.0551126,-0.4012700,-0.9133277
10.3320000,0.0748985,0.0479290,-0.4030914,-0.9108295
10.3520000,0.1021106,0.0418405,-0.4041574,-0.9080086
10.3720000,0.1292411,0.0356620,-0.4047975,-0.9045242
10.3920000,0.1562684,0.0293927,-0.4049977,-0.9003850
10.4120000,0.1831638,0.0230385,-0.4047436,-0.8956020
10.4320000,0.2099070,0.0166033,-0.4040156,-0.8901881
10.4520000,0.2364892,0.0100961,-0.4027981,-0.8841520
10.4720000,0.2628796,0.0035261,-0.4010805,-0.8775057
10.4880000,0.2838323,-0.0017666,-0.3993376,-0.8717601
10.5080000,0.3098134,-0.0084139,-0.3966902,-0.8640496
10.5360000,0.3457648,-0.0177421,-0.3921142,-0.8522783
10.5560000,0.3711171,-0.0243907,-0.3882354,-0.8431788
10.5760000,0.3961725,-0.0310057,-0.3838610,-0.8335087
10.5960000,0.4209048,-0.0375724,-0.3790148,-0.8232711
10.6200000,0.4501062,-0.0453763,-0.3726698,-0.8102238
10.6360000,0.4692969,-0.0505165,-0.3681482,-0.8010464
10.6560000,0.4929483,-0.0568685,-0.3621485,-0.7890604
10.6720000,0.5115937,-0.0618829,-0.3570635,-0.7790687
10.6920000,0.5345478,-0.0680507,-0.3503574,-0.7660793
10.7080000,0.5526220,-0.0728942,-0.3447231,-0.7552890
10.7280000,0.5748800,-0.0788091,-0.3373457,-0.7412827
10.7440000,0.5923693,-0.0834322,-0.3311808,-0.7296965
10.7640000,0.6138301,-0.0890651,-0.3231509,-0.7147402
10.7840000,0.6348286,-0.0945234,-0.3147700,-0.6992695
10.8000000,0.6512848,-0.0987582,-0.3078177,-0.6865298
10.8160000,0.6674245,-0.1028733,-0.3006506,-0.6734767
10.8360000,0.6871428,-0.1078394,-0.2913932,-0.6567309
10.8520000,0.7025311,-0.1116676,-0.2837526,-0.6430123
10.8760000,0.7249391,-0.1171585,-0.2719079,-0.6219351
10.8960000,0.7430110,-0.1214871,-0.2617118,-0.6038895
10.9120000,0.7570653,-0.1247819,-0.2533511,-0.5891476
10.9280000,0.7707512,-0.1279216,-0.2448141,-0.5741469
10.9480000,0.7873369,-0.1316184,-0.2339046,-0.5550368
10.9680000,0.8033362,-0.1350596,-0.2227471,-0.5355311
10.9880000,0.8187276,-0.1382762,-0.2113999,-0.5156306
11.0040000,0.8305890,-0.1407021,-0.2022083,-0.4994363
11.0280000,0.8476332,-0.1440765,-0.1882146,-0.4746949
11.0480000,0.8611407,-0.1466283,-0.1763615,-0.4536886
11.0640000,0.8714850,-0.1484911,-0.1667549,-0.4366430
11.0840000,0.8838308,-0.1505879,-0.1545928,-0.4150512
11.1080000,0.8977755,-0.1527500,-0.1397830,-0.3887509
11.1240000,0.9065372,-0.1539679,-0.1297884,-0.3709976
11.1440000,0.9168896,-0.1552305,-0.1171627,-0.3485539
11.1640000,0.9265602,-0.1562001,-0.1044078,-0.3258629
11.1880000,0.9372553,-0.1569684,-0.0889541,-0.2983298
11.2120000,0.9469482,-0.1573023,-0.0733684,-0.2704850
11.2320000,0.9542534,-0.1572579,-0.0603055,-0.2470498
11.2560000,0.9620813,-0.1568199,-0.0445661,-0.2186800
11.2720000,0.9667266,-0.1562923,-0.0340511,-0.1996321
11.2920000,0.9718845,-0.1553625,-0.0208971,-0.1756882
11.3120000,0.9763163,-0.1541435,-0.0077502,-0.1516123
11.3360000,0.9806598,-0.1523886,0.0079727,-0.1225581
11.3560000,0.9834655,-0.1506688,0.0210234,-0.0982469
11.3760000,0.9855338,-0.1486938,0.0340179,-0.0738648
11.3920000,0.9866588,-0.1469220,0.0443632,-0.0543154
11.4120000,0.9874034,-0.1444636,0.0572184,-0.0298472
11.4320000,0.9874148,-0.1417302,0.0699699,-0.0053634
11.4560000,0.9864634,-0.1380885,0.0851101,0.0240396
11.4760000,0.9848662,-0.1347647,0.0975713,0.0485468
11.4960000,0.9825389,-0.1311913,0.1098705,0.0730386
11.5120000,0.9801513,-0.1281635,0.1195816,0.0926162
11.5320000,0.9765104,-0.1241782,0.1315486,0.1170563
11.5560000,0.9711804,-0.1191224,0.1456358,0.1463174
11.5800000,0.9647976,-0.1138001,0.1594015,0.1755173
11.6000000,0.9586803,-0.1091837,0.1706146,0.1997542
11.6280000,0.9488876,-0.1025765,0.1859278,0.2334977
11.6440000,0.9426479,-0.0987536,0.1944786,0.2526671
11.6680000,0.9324226,-0.0929290,0.2070225,0.2812364
11.6880000,0.9231182,-0.0879853,0.2172070,0.3048483
11.7080000,0.9131103,-0.0829555,0.2271380,0.3282626
11.7240000,0.9046112,-0.0788651,0.2348947,0.3468190
11.7400000,0.8956646,-0.0747264,0.2424858,0.3652418
11.7600000,0.8838693,-0.0694735,0.2517307,0.3880466
11.7800000,0.8714036,-0.0641297,0.2606952,0.4105864
11.7960000,0.8609561,-0.0597877,0.2676613,0.4284127
11.8200000,0.8445025,-0.0531679,0.2777537,0.4547985
11.8400000,0.8300862,-0.0475537,0.2858250,0.4764447
11.8600000,0.8150413,-0.0418524,0.2935795,0.4977621
11.8760000,0.8025600,-0.0372327,0.2995490,0.5145694
11.8920000,0.7896885,-0.0325660,0.3053075,0.5311487
11.9200000,0.7662424,-0.0242908,0.3148677,0.5595899
11.9360000,0.7523211,-0.0195111,0.3200315,0.5755103
11.9560000,0.7343907,-0.0135332,0.3262145,0.5950389
11.9840000,0.7083219,-0.0051859,0.3343899,0.6216402
12.0000000,0.6929361,-0.0004097,0.3387960,0.6364406
12.0200000,0.6732182,0.0055783,0.3440219,0.6545190
12.0400000,0.6529792,0.0115915,0.3489210,0.6721145
12.0560000,0.6364243,0.0164226,0.3525970,0.6858351
12.0720000,0.6195556,0.0212732,0.3560490,0.6992334
12.0880000,0.6023811,0.0261441,0.3592713,0.7123044
12.1120000,0.5760693,0.0334888,0.3636583,0.7312833
12.1280000,0.5581749,0.0384073,0.3662764,0.7435101
12.1440000,0.5400014,0.0433377,0.3686460,0.7553943
12.1640000,0.5169086,0.0495098,0.3712517,0.7697574
12.1800000,0.4981463,0.0544485,0.3730477,0.7808463
12.1960000,0.4791392,0.0593811,0.3745851,0.7915716
12.2240000,0.4453178,0.0679837,0.3766469,0.8094488
12.2440000,0.4207548,0.0740935,0.3776207,0.8215096
12.2680000,0.3908540,0.0813653,0.3782393,0.8351933
12.2840000,0.3706617,0.0861580,0.3783430,0.8438266
12.3080000,0.3399969,0.0932406,0.3781078,0.8560040
12.3240000,0.3193288,0.0978964,0.3776802,0.8635989
12.3440000,0.2932600,0.1036428,0.3768244,0.8725022
12.3640000,0.2669618,0.1093092,0.3755972,0.8807438
12.3880000,0.2351283,0.1159907,0.3736157,0.8897596
12.4120000,0.2030321,0.1225328,0.3710607,0.8978183
12.4360000,0.1706986,0.1289164,0.3679151,0.9049205
12.4600000,0.1381736,0.1351165,0.3641632,0.9110635
12.4760000,0.1164073,0.1391347,0.3613200,0.9146249
12.5000000,0.0836463,0.1449644,0.3565470,0.9191642
12.5160000,0.0617568,0.1487149,0.3530209,0.9216540
12.5320000,0.0398425,0.1523491,0.3492211,0.9237137
12.5480000,0.0179136,0.1558603,0.3451493,0.9253425
12.5680000,0.0095119,-0.1600653,-0.3396847,-0.9267702
12.5840000,0.0314472,-0.1632771,-0.3350212,-0.9274225
12.6000000,0.0533598,-0.1663490,-0.3301033,-0.9276381
12.6200000,0.0807070,-0.1699955,-0.3236267,-0.9272829
12.6400000,0.1080098,-0.1734455,-0.3168506,-0.9262053
12.6560000,0.1298003,-0.1760619,-0.3112058,-0.9248270
12.6720000,0.1515228,-0.1785462,-0.3053491,-0.9229973
12.6920000,0.1785587,-0.1814554,-0.2977215,-0.9200830
12.7160000,0.2108145,-0.1846392,-0.2881089,-0.9156740
12.7360000,0.2374972,-0.1870195,-0.2797084,-0.9112530
12.7560000,0.2639729,-0.1891419,-0.2709577,-0.9061598
12.7720000,0.2849915,-0.1906473,-0.2637099,-0.9016044
12.7880000,0.3058537,-0.1919782,-0.2562501,-0.8966235
12.8120000,0.3368327,-0.1936403,-0.2446743,-0.8883590
12.8280000,0.3572601,-0.1945162,-0.2367072,-0.8823255
12.8480000,0.3825327,-0.1953344,-0.2264775,-0.8741974
12.8640000,0.4025201,-0.1957622,-0.2180887,-0.8672324
12.8840000,0.4272017,-0.1960155,-0.2073607,-0.8579500
12.9040000,0.4515328,-0.1959550,-0.1963771,-0.8480305
12.9240000,0.4755035,-0.1956266,-0.1851852,-0.8374563
12.9440000,0.4990914,-0.1950610,-0.1738114,-0.8262255
12.9600000,0.5176711,-0.1944313,-0.1645820,-0.8167777
12.9800000,0.5405060,-0.1934106,-0.1528832,-0.8044081
12.9960000,0.5584280,-0.1924020,-0.1433943,-0.7940892
13.0120000,0.5760582,-0.1912170,-0.1337967,-0.7833846
13.0280000,0.5933873,-0.1898531,-0.1240957,-0.7723001
13.0520000,0.6187932,-0.1874671,-0.1093614,-0.7549776
13.0680000,0.6353239,-0.1856444,-0.0994221,-0.7429771
13.0880000,0.6555223,-0.1830995,-0.0868818,-0.7274728
13.1080000,0.6751920,-0.1802569,-0.0742303,-0.7114163
13.1280000,0.6943177,-0.1771126,-0.0614864,-0.6948190
13.1520000,0.7165244,-0.1729397,-0.0460962,-0.6742105
13.1720000,0.7343931,-0.1691293,-0.0332104,-0.6564748
13.1920000,0.7516668,-0.1650173,-0.0202854,-0.6382435
13.2120000,0.7683348,-0.1606028,-0.0073372,-0.6195277
13.2320000,0.7843817,-0.1558824,0.0056178,-0.6003453
13.2560000,0.8027994,-0.1498138,0.0211469,-0.5767337
13.2720000,0.8145596,-0.1455221,0.0314720,-0.5606474
13.2960000,0.8314059,-0.1387591,0.0468935,-0.5360141
13.3160000,0.8447038,-0.1328814,0.0596704,-0.5150315
13.3360000,0.8573185,-0.1267619,0.0723655,-0.4936594
13.3560000,0.8692438,-0.1203834,0.0849604,-0.4719160
13.3760000,0.8804700,-0.1137398,0.0974323,-0.4498253
13.3960000,0.8909910,-0.1068273,0.1097568,-0.4274066
13.4240000,0.9045378,-0.0966964,0.1267238,-0.3954773
13.4440000,0.9133534,-0.0891356,0.1386075,-0.3723282
13.4680000,0.9229809,-0.0797164,0.1525699,-0.3442004
13.4880000,0.9302097,-0.0715922,0.1639261,-0.3204881
13.5040000,0.9354715,-0.0649214,0.1728145,-0.3013527
13.5280000,0.9424942,-0.0546431,0.1857953,-0.2723949
13.5520000,0.9484717,-0.0440664,0.1983302,-0.2431557
13.5760000,0.9534033,-0.0332270,0.2103951,-0.2136633
13.5960000,0.9567140,-0.0240189,0.2200757,-0.1889130
13.6200000,0.9597270,-0.0127772,0.2312269,-0.1590440
13.6400000,0.9614305,-0.0033341,0.2401684,-0.1340126
13.6560000,0.9622623,0.0042466,0.2470986,-0.1139099
13.6720000,0.9626247,0.0118562,0.2538188,-0.0937507
13.6960000,0.9622923,0.0233161,0.2634947,-0.0634071
13.7160000,0.9612150,0.0328962,0.2711733,-0.0380598
13.7320000,0.9598332,0.0405710,0.2770541,-0.0177561
13.7520000,0.9574603,0.0501728,0.2840670,0.0076384
13.7720000,0.9543754,0.0597753,0.2906956,0.0330245
13.7880000,0.9513984,0.0674479,0.2957173,0.0533203
13.8040000,0.9479718,0.0751033,0.3004881,0.0735932
13.8200000,0.9441004,0.0827390,0.3050031,0.0938176
13.8400000,0.9386419,0.0922531,0.3102822,0.1190196
13.8560000,0.9337816,0.0998294,0.3142149,0.1391225
13.8800000,0.9256754,0.1111209,0.3196269,0.1691620
13.9040000,0.9166050,0.1223069,0.3244432,0.1990300
13.9200000,0.9100245,0.1296891,0.3273354,0.2188328
13.9400000,0.9011900,0.1387980,0.3306469,0.2434426
13.9600000,0.8916894,0.1477774,0.3336125,0.2678703
13.9760000,0.8836204,0.1548708,0.3357235,0.2872626
13.9920000,0.8751372,0.1618770,0.3375950,0.3065296
14.0160000,0.8616597,0.1722179,0.3399243,0.3351641
14.0320000,0.8521863,0.1789922,0.3411437,0.3540638
14.0480000,0.8423324,0.1856668,0.3420856,0.3728022
14.0720000,0.8268519,0.1954761,0.3429668,0.4005980
14.0880000,0.8160786,0.2018707,0.3431893,0.4189093
14.1040000,0.8049534,0.2081386,0.3431127,0.4370378
14.1240000,0.7905616,0.2157833,0.3425972,0.4594312
14.1480000,0.7725975,0.2246509,0.3413638,0.4858968
14.1720000,0.7538999,0.2331495,0.3394702,0.5118948
14.1920000,0.7377472,0.2399282,0.3374772,0.5331723
14.2120000,0.7210849,0.2464171,0.3351235,0.5540825
14.2280000,0.7074165,0.2513817,0.3329252,0.5705523
14.2440000,0.6934507,0.2561279,0.3304354,0.5868024
14.2640000,0.6755790,0.2617548,0.3269771,0.6067647
14.2840000,0.6572401,0.2670372,0.3231975,0.6263146
14.3040000,0.6384521,0.2719648,0.3190941,0.6454402
14.3200000,0.6231084,0.2756452,0.3155818,0.6604269
14.3400000,0.6035515,0.2799098,0.3109092,0.6787574
14.3640000,0.5795454,0.2845183,0.3048917,0.7001553
14.3840000,0.5591073,0.2879131,0.2995395,0.7174825
14.4040000,0.5382996,0.2908953,0.2938940,0.7343295
14.4240000,0.5171354,0.2934561,0.2879702,0.7506848
14.4400000,0.4999574,0.2951938,0.2830419,0.7634072
14.4640000,0.4737974,0.2972740,0.2753529,0.7818727
14.4840000,0.4516435,0.2985181,0.2686980,0.7966847
14.5080000,0.4246469,0.2994162,0.2604450,0.8137526
14.5280000,0.4018416,0.2996635,0.2533569,0.8273665
14.5480000,0.3787631,0.2994496,0.2460955,0.8404198
14.5680000,0.3554301,0.2987624,0.2386668,0.8529060
14.5920000,0.3271131,0.2973061,0.2295514,0.8671288
14.6120000,0.3032668,0.2955664,0.2218060,0.8783347
14.6320000,0.2792061,0.2933556,0.2139559,0.8889372
14.6520000,0.2549181,0.2907319,0.2060698,0.8989032
14.6720000,0.2304136,0.2876980,0.1981583,0.9082250
14.6920000,0.2057274,0.2842275,0.1902121,0.9169026
14.7120000,0.1808828,0.2802950,0.1822332,0.9249363
14.7360000,0.1508787,0.2749576,0.1726479,0.9337166
14.7560000,0.1257348,0.2699919,0.1646714,0.9403076
14.7720000,0.1055419,0.2656836,0.1583095,0.9450985
14.7880000,0.0852881,0.2610773,0.1519750,0.9494568
14.8120000,0.0548190,0.2536148,0.1425448,0.9551730
14.8280000,0.0344565,0.2482718,0.1363213,0.9584312
14.8480000,0.0089578,0.2411908,0.1286331,0.9618733
14.8760000,0.0268065,-0.2305412,-0.1180847,-0.9654989
14.9000000,0.0575079,-0.2207590,-0.1092810,-0.9674792
14.9200000,0.0830958,-0.2121698,-0.1021383,-0.9683217
14.9400000,0.1086732,-0.2032048,-0.0951918,-0.9684196
14.9600000,0.1342195,-0.1938838,-0.0884609,-0.9677649
14.9800000,0.1597264,-0.1842867,-0.0819653,-0.9663372
14.9960000,0.1800922,-0.1764393,-0.0769453,-0.9646323
15.0160000,0.2054941,-0.1664163,-0.0708994,-0.9617957
15.0360000,0.2308285,-0.1561553,-0.0651170,-0.9581720
15.0560000,0.2560566,-0.1456652,-0.0596100,-0.9537627
15.0800000,0.2861712,-0.1327958,-0.0533885,-0.9474286
15.1040000,0.3161003,-0.1196458,-0.0476153,-0.9399459
15.1200000,0.3359114,-0.1107424,-0.0440304,-0.9343238
15.1400000,0.3605084,-0.0994809,-0.0398507,-0.9265793
15.1560000,0.3800301,-0.0903843,-0.0367554,-0.9198135
15.1760000,0.4042339,-0.0789286,-0.0332046,-0.9106386
15.1920000,0.4234266,-0.0697173,-0.0306224,-0.9027246
15.2080000,0.4424584,-0.0604823,-0.0282740,-0.8943003
15.2240000,0.4613237,-0.0512431,-0.0261581,-0.8853645
15.2440000,0.4846370,-0.0397048,-0.0238441,-0.8734884
15.2640000,0.5076515,-0.0282267,-0.0218905,-0.8608217
15.2840000,0.5303545,-0.0168824,-0.0202760,-0.8473653
15.3040000,0.5527274,-0.0056916,-0.0189934,-0.8331262
15.3200000,0.5703724,0.0031371,-0.0182029,-0.8211785
15.3400000,0.5920937,0.0140015,-0.0175068,-0.8055573
15.3560000,0.6091650,0.0225518,-0.0171892,-0.7925364
15.3760000,0.6301059,0.0330467,-0.0170903,-0.7756174
15.3960000,0.6506216,0.0432979,-0.0173024,-0.7579693
15.4200000,0.6746552,0.0552389,-0.0179501,-0.7358443
15.4440000,0.6980179,0.0667368,-0.0190010,-0.7127105
15.4680000,0.7206870,0.0777429,-0.0204152,-0.6885851
15.4880000,0.7390184,0.0865119,-0.0218538,-0.6677499
15.5040000,0.7532948,0.0932479,-0.0231642,-0.6506268
15.5240000,0.7706525,0.1013077,-0.0249767,-0.6286555
15.5440000,0.7874526,0.1089558,-0.0269625,-0.6060693
15.5640000,0.8036769,0.1161791,-0.0291042,-0.5828883
15.5960000,0.8283954,0.1268129,-0.0327917,-0.5446138
15.6120000,0.8401566,0.1316896,-0.0347296,-0.5249654
15.6280000,0.8515136,0.1362631,-0.0367036,-0.5049849
15.6520000,0.8677698,0.1425584,-0.0397253,-0.4744202
15.6720000,0.8805835,0.1472959,-0.0422922,-0.4484283
15.6880000,0.8903423,0.1507543,-0.0443655,-0.4273119
15.7120000,0.9041219,0.1554909,-0.0476870,-0.3951103
15.7320000,0.9146026,0.1599331,-0.0525415,-0.3676449
15.7560000,0.9256277,0.1668169,-0.0638091,-0.3336373
15.7760000,0.9334650,0.1731409,-0.0773841,-0.3044290
15.7960000,0.9401211,0.1790523,-0.0933897,-0.2745742
15.8240000,0.9476674,0.1853192,-0.1171439,-0.2320791
15.8440000,0.9519807,0.1878780,-0.1335666,-0.2014811
15.8600000,0.9549022,0.1886764,-0.1457343,-0.1769871
15.8840000,0.9585507,0.1878798,-0.1618093,-0.1403547
15.9040000,0.9610322,0.1855639,-0.1728689,-0.1099973
15.9240000,0.9630855,0.1819639,-0.1816040,-0.0798471
15.9400000,0.9644287,0.1783309,-0.1869651,-0.0558527
15.9600000,0.9657331,0.1730300,-0.1916815,-0.0260478
15.9760000,0.9664824,0.1683090,-0.1938512,-0.0023635
15.9960000,0.9670425,0.1619700,-0.1945857,0.0270351
16.0160000,0.9671706,0.1553460,-0.1930972,0.0562323
16.0400000,0.9666917,0.1472882,-0.1884911,0.0910192
16.0600000,0.9656628,0.1406681,-0.1826196,0.1198249
16.0760000,0.9643543,0.1355193,-0.1768310,0.1427802
16.0920000,0.9625772,0.1305555,-0.1701796,0.1656478
16.1200000,0.9582278,0.1224116,-0.1568655,0.2054462
16.1360000,0.9549854,0.1181152,-0.1484588,0.2280606
16.1560000,0.9501081,0.1131340,-0.1373402,0.2561893
16.1720000,0.9455249,0.1094697,-0.1280530,0.2785704
16.1920000,0.9389178,0.1052827,-0.1161145,0.3063762
16.2080000,0.9329178,0.1022349,-0.1064002,0.3284684
16.2240000,0.9262822,0.0994438,-0.0966038,0.3503996
16.2440000,0.9170871,0.0962916,-0.0843492,0.3775771
16.2680000,0.9047298,0.0929624,-0.0697547,0.4098247
16.2880000,0.8933423,0.0905167,-0.0577994,0.4363547
16.3040000,0.8835283,0.0887452,-0.0484250,0.4573369
16.3240000,0.8703939,0.0867270,-0.0369906,0.4832439
16.3440000,0.8563159,0.0848772,-0.0259283,0.5087698
16.3600000,0.8443926,0.0834874,-0.0173713,0.5288944
16.3760000,0.8318943,0.0821557,-0.0090918,0.5487437
16.4000000,0.8120974,0.0802245,0.0027843,0.5779741
16.4240000,0.7910798,0.0783112,0.0139784,0.6065186
16.4440000,0.7726671,0.0766870,0.0227720,0.6297508
16.4640000,0.7534684,0.0750010,0.0310778,0.6524526
16.4800000,0.7375665,0.0735874,0.0373739,0.6702117
16.5040000,0.7128533,0.0713298,0.0462472,0.6961418
16.5200000,0.6958138,0.0697212,0.0517906,0.7129515
16.5400000,0.6739012,0.0676026,0.0583377,0.7334056
16.5600000,0.6513298,0.0653521,0.0644769,0.7532207
16.5840000,0.6234047,0.0624641,0.0713271,0.7761297
16.6040000,0.5994690,0.0598837,0.0766163,0.7944689
16.6240000,0.5749617,0.0571474,0.0815495,0.8120979
16.6480000,0.5448420,0.0536404,0.0870191,0.8322846
16.6680000,0.5191618,0.0505136,0.0912095,0.8482925
16.6840000,0.4982554,0.0478855,0.0943379,0.8605515
16.7040000,0.4716801,0.0444728,0.0980000,0.8751777
16.7200000,0.4500812,0.0416491,0.1007446,0.8863085
16.7480000,0.4116118,0.0365414,0.1051807,0.9045316
16.7680000,0.3836301,0.0327718,0.1080765,0.9165552
16.7920000,0.3495177,0.0281775,0.1112841,0.9298706
16.8160000,0.3148608,0.0236869,0.1142573,0.9419379
16.8360000,0.2855942,0.0200470,0.1165541,0.9510253
16.8520000,0.2619614,0.0171573,0.1182584,0.9576517
16.8680000,0.2381539,0.0142706,0.1198426,0.9636995
16.8920000,0.2021411,0.0099031,0.1219845,0.9716793
16.9120000,0.1718990,0.0062056,0.1235598,0.9773153
16.9320000,0.1414788,0.0024347,0.1249512,0.9820209
16.9560000,0.1047766,-0.0022019,0.1263871,0.9864296
16.9760000,0.0740616,-0.0061672,0.1273973,0.9890636
